id;title;content;date
1;Credit Card Account Licensed;invoice;2020-06-12T08:54:30
2;Gloves;card optical Quality;2020-06-12T08:21:55
3;bluetooth;microchip Turkmenistan;2020-06-12T21:56:22
4;Profound Greens Berkshire;digital Unbranded Fresh Sausages;2020-06-12T19:41:48
5;Unbranded Stand-alone calculating;capacitor e-tailers;2020-06-12T04:10:59
6;Georgia Shores Plastic;Nuevo Sol Unbranded Turkish Lira;2020-06-12T10:57:11
7;payment envisioneer Afghani;Wooden facilitate real-time;2020-06-13T01:19:44
8;feed South Carolina;Planner Luxembourg;2020-06-12T19:18:14
9;Chief Credit Card Account San Marino;FTP Configurable Designer;2020-06-12T15:43:54
10;Computer Cambridgeshire;matrix Automotive Practical Concrete Fish;2020-06-12T11:52:24
